impl,alg,op,public_key_bytes,ciphertext_bytes,shared_secret_bytes,runs,samples,min_samples_per_run,median_us,p10_us,p90_us,mean_us,median_tsc_ticks,median_perf_user_cycles,within_run_cv,between_run_cv,runs_for_1pct
liboqs,ML-KEM-512,keygen,800,768,32,10,10000,1000,5.546,5.398,5.766,5.7807515,18836.0,,0.36270782595462353,0.026713514575999138,28
liboqs,ML-KEM-512,encaps,800,768,32,10,10000,1000,6.19,6.077,6.402,6.3862029,21032.0,,0.292065800838226,0.023799868473871045,22
liboqs,ML-KEM-512,decaps,800,768,32,10,10000,1000,7.643,7.197,7.673,7.6687079,25976.0,,0.030537084524902922,0.02189947121249105,19
liboqs,ML-KEM-768,keygen,1184,1088,32,10,10000,1000,9.532,9.487,9.622,9.590980400000001,32414.0,,0.027691996413649788,0.002265541059370724,1
liboqs,ML-KEM-768,encaps,1184,1088,32,10,10000,1000,9.908,9.85,9.983,9.9389222,33694.0,,0.0218955504592383,0.004307920595524653,1
liboqs,ML-KEM-768,decaps,1184,1088,32,10,10000,1000,11.938,11.897,12.378,12.0117813,40614.0,,0.01658350098720135,0.012546562666644175,7
liboqs,ML-KEM-1024,keygen,1568,1568,32,10,10000,1000,13.467,13.409,13.954,13.5592788,45822.0,,0.023942234388998188,0.00213763830318211,1
liboqs,ML-KEM-1024,encaps,1568,1568,32,10,10000,1000,14.344,14.283,15.233,14.4707919,48804.0,,0.01745067188894133,0.020335631410787227,16
liboqs,ML-KEM-1024,decaps,1568,1568,32,10,10000,1000,17.138,17.088,17.292,17.1931704,58333.0,,0.014729800384052236,0.0037634604346347632,1
liboqs,Classic-McEliece-348864,keygen,261120,96,32,10,322,31,29225.4385,25808.310100000002,39578.6777,31505.35454658385,99601357.0,,0.19581986816559036,0.03518333300162943,48
liboqs,Classic-McEliece-348864,encaps,261120,96,32,10,10000,1000,10.747,9.9199,14.669,11.893047200000002,36522.0,,0.2068056082733985,0.03144693097155324,38
liboqs,Classic-McEliece-348864,decaps,261120,96,32,10,10000,1000,28.5085,27.946,29.941,28.9339012,97079.0,,0.08507694222852952,0.026875722471904583,28
liboqs,Classic-McEliece-348864f,keygen,261120,96,32,10,379,37,26828.71,26571.02,27199.5878,26864.806992084432,91433170,,0.005122160423205338,0.003224665487502586,1
liboqs,Classic-McEliece-348864f,encaps,261120,96,32,10,10000,1000,10.759,9.911,14.778,12.1610816,36559.0,,0.23464590236404675,0.03312337940231317,43
liboqs,Classic-McEliece-348864f,decaps,261120,96,32,10,10000,1000,28.549,27.954,29.838,28.954386500000002,97220.0,,0.056356731986220626,0.024041648662809206,23
liboqs,Classic-McEliece-460896,keygen,524160,156,32,10,96,8,101645.9585,79799.6095,161875.403,110533.21194791667,346413217.0,,0.3133144912608934,0.167804983880167,1082
liboqs,Classic-McEliece-460896,encaps,524160,156,32,10,10000,1000,24.5165,19.903,39.0071,27.413212299999998,83429.0,,0.30971387662705363,0.030033981223433256,35
liboqs,Classic-McEliece-460896,decaps,524160,156,32,10,10000,1000,55.653,54.351,56.3761,56.271428699999994,189582.0,,0.0657064658771048,0.013493364863912869,7
liboqs,Classic-McEliece-460896f,keygen,524160,156,32,10,130,13,79776.5355,79263.9189,81158.89379999999,79917.17568461539,271881475.0,,0.006107924373013895,0.007418023790710707,3
liboqs,Classic-McEliece-460896f,encaps,524160,156,32,10,10000,1000,24.602,19.914,38.3855,27.4819452,83712.0,,0.3039655765727699,0.04056048061245922,64
liboqs,Classic-McEliece-460896f,decaps,524160,156,32,10,10000,1000,56.706,55.292,59.062,57.0326042,193172.0,,0.050683380159259286,0.020127682088004337,16
liboqs,Classic-McEliece-6688128,keygen,1044992,208,32,10,68,6,157034.4555,114077.5114,228867.94190000006,161473.53286764704,535179570.0,,0.28913334091599874,0.1144623992692941,504
liboqs,Classic-McEliece-6688128,encaps,1044992,208,32,10,10000,1000,43.4,35.357,64.0423,47.0806306,147796.0,,0.27995000044349516,0.03495387001090598,47
liboqs,Classic-McEliece-6688128,decaps,1044992,208,32,10,10000,1000,66.195,64.535,66.89410000000001,66.5094835,225502.0,,0.057962761232433296,0.013989738435651466,8
liboqs,Classic-McEliece-6688128f,keygen,1044992,208,32,10,99,9,110427.51,109146.7566,111334.06940000001,110349.64382828283,376341108,,0.0044048658638753384,0.00492780029232303,1
liboqs,Classic-McEliece-6688128f,encaps,1044992,208,32,10,10000,1000,43.8595,36.107,64.6532,47.602583700000004,149344.0,,0.27818681022966163,0.024397687157534563,23
liboqs,Classic-McEliece-6688128f,decaps,1044992,208,32,10,10000,1000,66.406,64.5999,69.274,67.1152728,226226.0,,0.04250428689241108,0.023506124771567046,22
liboqs,Classic-McEliece-6960119,keygen,1047319,194,32,10,73,6,125863.1,106277.4232,200827.8466,146664.58289041097,428946274,,0.25552665534267177,0.17849451531592322,1224
liboqs,Classic-McEliece-6960119,encaps,1047319,194,32,10,10000,1000,42.895,37.461,57.84760000000001,45.724703399999996,146051.0,,0.20542492725608308,0.020337684963523117,16
liboqs,Classic-McEliece-6960119,decaps,1047319,194,32,10,10000,1000,61.451,60.284,62.042,61.9113256,209342.0,,0.04367362167385272,0.011016616934452564,5
liboqs,Classic-McEliece-6960119f,keygen,1047319,194,32,10,100,10,106320.992,105316.5655,107081.2354,106282.46956999999,362345865.0,,0.003913903924839054,0.004231457705599685,1
liboqs,Classic-McEliece-6960119f,encaps,1047319,194,32,10,10000,1000,43.027,38.647,58.869099999999996,46.2822138,146492.0,,0.1997134609909813,0.01377729927314742,8
liboqs,Classic-McEliece-6960119f,decaps,1047319,194,32,10,10000,1000,61.292,60.064,62.267,61.7612958,208811.0,,0.06021624388423866,0.013151474669797863,7
liboqs,Classic-McEliece-8192128,keygen,1357824,208,32,10,59,5,168283.341,122710.6572,278526.3318,187121.57332203392,573516016,,0.292041513885402,0.15253067489165373,894
liboqs,Classic-McEliece-8192128,encaps,1357824,208,32,10,10000,1000,46.867,42.718900000000005,58.7783,49.1762465,159619.0,,0.155634081877357,0.019806479232257052,16
liboqs,Classic-McEliece-8192128,decaps,1357824,208,32,10,10000,1000,65.607,64.244,66.09110000000001,65.9660172,223478.0,,0.054177904322660064,0.010631819576115937,5
liboqs,Classic-McEliece-8192128f,keygen,1357824,208,32,10,90,9,121620.694,120815.2996,122909.8212,121820.4971,414487889.0,,0.004722166094728822,0.004211987799940352,1
liboqs,Classic-McEliece-8192128f,encaps,1357824,208,32,10,10000,1000,46.872,42.747,59.4904,49.5978871,159621.0,,0.1505181035543707,0.02679274344497592,28
liboqs,Classic-McEliece-8192128f,decaps,1357824,208,32,10,10000,1000,65.518,64.403,66.46610000000001,66.0691372,223167.0,,0.03934077484706713,0.010668878355578,5
liboqs,NTRU-HPS-2048-509,keygen,699,699,32,10,10000,1000,39.307,38.57,40.973,39.642889600000004,133868.0,,0.029633573144192106,0.01842344485042555,14
liboqs,NTRU-HPS-2048-509,encaps,699,699,32,10,10000,1000,12.646,12.44,13.191,13.032645800000001,43022.0,,0.20406372491379202,0.015945299445251505,10
liboqs,NTRU-HPS-2048-509,decaps,699,699,32,10,10000,1000,7.403,7.24,7.714,7.6859799,25150.0,,0.30083985344349906,0.01899771078853456,14
liboqs,NTRU-HPS-2048-677,keygen,930,930,32,10,10000,1000,65.6545,62.8209,67.3951,65.4952716,223640.0,,0.03382543201049698,0.028940045876483862,33
liboqs,NTRU-HPS-2048-677,encaps,930,930,32,10,10000,1000,17.356,17.146900000000002,18.023,17.6692541,59060.0,,0.08887768298778992,0.019169787653987594,15
liboqs,NTRU-HPS-2048-677,decaps,930,930,32,10,10000,1000,11.416,11.11,11.965,11.7907526,38822.0,,0.20491152026689236,0.028712849675068694,32
liboqs,NTRU-HPS-4096-821,keygen,1230,1230,32,10,10000,1000,85.83,83.9139,89.666,86.9347063,292402.0,,0.04559433933376315,0.01980683271934061,16
liboqs,NTRU-HPS-4096-821,encaps,1230,1230,32,10,10000,1000,20.0,19.662,20.907,20.3966471,68084.0,,0.15604900377906777,0.01870690978843416,14
liboqs,NTRU-HPS-4096-821,decaps,1230,1230,32,10,10000,1000,14.258,13.971,14.7071,14.714544400000001,48516.0,,0.1993835417542645,0.016175353083908037,11
liboqs,NTRU-HPS-4096-1229,keygen,1842,1842,32,10,5605,555,1778.484,1737.4442,1845.587,1785.681885280999,6060982,,0.023087826772618808,0.010483923470874774,5
liboqs,NTRU-HPS-4096-1229,encaps,1842,1842,32,10,10000,1000,81.0015,79.6109,83.1002,81.93761470000001,275963.0,,0.055580376664237825,0.018241992485257506,13
liboqs,NTRU-HPS-4096-1229,decaps,1842,1842,32,10,10000,1000,90.0265,88.17,90.88,90.5805914,306712.0,,0.03511962997332092,0.011878018537949375,6
liboqs,NTRU-HRSS-701,keygen,1138,1138,32,10,10000,1000,56.577,55.916,57.76,57.222059200000004,192707.0,,0.06648944598000658,0.012262939623444873,6
liboqs,NTRU-HRSS-701,encaps,1138,1138,32,10,10000,1000,9.661,9.528,10.03,10.112426,32842.0,,0.279653914037709,0.01552502235806038,10
liboqs,NTRU-HRSS-701,decaps,1138,1138,32,10,10000,1000,12.014,11.694,12.332,12.3435,40872.0,,0.1937697353140329,0.017122171098874275,12
liboqs,NTRU-HRSS-1373,keygen,2401,2401,32,10,4382,433,2275.9695,2227.2971000000002,2349.6955,2284.405727065267,7756387.0,,0.02152603050827904,0.0041390154293133126,1
liboqs,NTRU-HRSS-1373,encaps,2401,2401,32,10,10000,1000,58.55,57.135,59.165099999999995,59.2952417,199406.0,,0.09193323506204207,0.014451414017691816,9
liboqs,NTRU-HRSS-1373,decaps,2401,2401,32,10,10000,1000,135.191,132.8858,144.3491,137.6679224,460664.0,,0.06751954670389129,0.014219667144092474,8
openssl,X25519,keygen,32,32,32,10,10000,1000,24.314,23.885,25.531,24.8554738,82787.0,,0.11742422750676552,0.020853587432481436,17
openssl,X25519,encaps,32,32,32,10,10000,1000,54.8275,53.726,57.323,56.0289902,186752.0,,0.05738218772944495,0.026691936446991787,28
openssl,X25519,decaps,32,32,32,10,10000,1000,27.562,26.993,28.785,28.0568651,93866.0,,0.08049564933045522,0.023908117348938312,22
openssl,P-256,keygen,65,65,32,10,10000,1000,9.722,9.529,10.063,10.1552806,33024.0,,0.27667957158232126,0.017689628656474807,13
openssl,P-256,encaps,65,65,32,10,10000,1000,63.228,60.681,63.7641,63.0249064,215344.0,,0.027676074329659947,0.022309618806624465,20
openssl,P-256,decaps,65,65,32,10,10000,1000,45.707,45.419,46.91980000000001,46.7733879,155693.0,,0.08703996801361874,0.009732024583746604,4
openssl,RSA-2048,keygen,256,256,256,10,280,23,31192.1655,13950.6171,66555.94249999999,36261.25894642858,106303928.0,,0.5509604380761526,0.1821242115456177,1275
openssl,RSA-2048,encaps,256,256,256,10,10000,1000,13.586,13.151,14.476,13.9219774,46238.0,,0.12048165428969485,0.01634516694771127,11
openssl,RSA-2048,decaps,256,256,256,10,10000,1000,401.5825,399.917,431.0989,415.69923190000003,1368534.0,,0.11327357788922202,0.021291477400459533,18
openssl,RSA-3072,keygen,384,384,384,10,81,5,118133.534,44674.078,254441.901,136303.71433333334,402603662,,0.6412846247410846,0.3745861069317652,5391
openssl,RSA-3072,encaps,384,384,384,10,10000,1000,26.6135,26.144,28.423,27.2902389,90634.0,,0.08256660480446246,0.022486429788525112,20
openssl,RSA-3072,decaps,384,384,384,10,8045,798,1221.172,1195.6072,1272.34,1243.7505828464887,4161712,,0.07202531178449983,0.0033125611469737985,1
openssl,ffdhe2048,keygen,256,256,256,10,10000,1000,202.8535,198.916,215.6237,205.499638,691256.0,,0.04477884403561681,0.010526361372265806,5
openssl,ffdhe2048,encaps,256,256,256,10,10000,1000,405.126,393.0559,426.8271,406.37572600000004,1380557.0,,0.03337452869582122,0.01487240105748221,9
openssl,ffdhe2048,decaps,256,256,256,10,10000,1000,197.792,193.829,209.312,200.0035613,674014.0,,0.04456291137849916,0.026569138031045172,28
openssl,ffdhe3072,keygen,384,384,384,10,10000,1000,494.025,482.2598,521.7408,502.89627970000004,1683547.0,,0.0264875140363678,0.02988994928300507,35
openssl,ffdhe3072,encaps,384,384,384,10,9966,966,980.7885,959.221,1031.7785,989.4531541240217,3342425.0,,0.025281829923068704,0.020641354221986624,17
openssl,ffdhe3072,decaps,384,384,384,10,10000,1000,486.3655,475.233,509.4664,491.2707964,1657456.0,,0.032471562518973575,0.016490780168307375,11
openssl,ML-KEM-512,keygen,800,768,32,10,10000,1000,20.975,20.476,21.841,21.3551646,71392.0,,0.12129741829965729,0.019762062432493017,16
openssl,ML-KEM-512,encaps,800,768,32,10,10000,1000,13.923,13.697,14.62,14.3221989,47374.0,,0.17182816952029217,0.024592641701833867,24
openssl,ML-KEM-512,decaps,800,768,32,10,10000,1000,22.336,21.0209,22.636,22.202091,76054.0,,0.02334329881085727,0.03170488014361081,39
openssl,ML-KEM-768,keygen,1184,1088,32,10,10000,1000,32.807,31.035,33.2071,32.6778109,111712.0,,0.014450793332747791,0.021920176943115308,19
openssl,ML-KEM-768,encaps,1184,1088,32,10,10000,1000,19.081,17.949,19.235,18.9325017,64954.0,,0.014084295849074377,0.02760756494432564,30
openssl,ML-KEM-768,decaps,1184,1088,32,10,10000,1000,29.642,27.917,29.893,29.3414264,100952.0,,0.015104093207543938,0.026706939645763383,28
openssl,ML-KEM-1024,keygen,1568,1568,32,10,10000,1000,47.6025,46.954,50.309,48.737475599999996,162149.0,,0.07351471905756747,0.02413359618988779,23
openssl,ML-KEM-1024,encaps,1568,1568,32,10,10000,1000,24.063,23.939,24.834700000000005,24.7470992,81938.0,,0.10659507605117183,0.019654790436809767,15
openssl,ML-KEM-1024,decaps,1568,1568,32,10,10000,1000,37.5505,36.839,39.311099999999996,38.2393841,127908.0,,0.07509267581733786,0.024806800271475048,24
