variant,alg,text_bytes,data_bytes,bss_bytes
native,ML-KEM-512,82605,0,0
native,ML-KEM-768,79275,0,0
native,ML-KEM-1024,82663,0,0
native,Classic-McEliece-348864,105408,384,0
native,Classic-McEliece-348864f,108062,384,0
native,Classic-McEliece-460896,128973,384,0
native,Classic-McEliece-460896f,131442,384,0
native,Classic-McEliece-6688128,135697,384,0
native,Classic-McEliece-6688128f,138239,384,0
native,Classic-McEliece-6960119,132651,384,0
native,Classic-McEliece-6960119f,136177,384,0
native,Classic-McEliece-8192128,134915,384,0
native,Classic-McEliece-8192128f,137488,384,0
native,NTRU-HPS-2048-509,136809,25952,0
native,NTRU-HPS-2048-677,190702,56033,0
native,NTRU-HPS-4096-821,243473,81088,0
native,NTRU-HPS-4096-1229,62126,0,0
native,NTRU-HRSS-701,197588,67168,0
native,NTRU-HRSS-1373,67205,0,0
generic,ML-KEM-512,29481,0,0
generic,ML-KEM-768,29735,0,0
generic,ML-KEM-1024,29652,0,0
generic,Classic-McEliece-348864,32709,0,0
generic,Classic-McEliece-348864f,34752,0,0
generic,Classic-McEliece-460896,33367,0,0
generic,Classic-McEliece-460896f,35392,0,0
generic,Classic-McEliece-6688128,34508,0,0
generic,Classic-McEliece-6688128f,36574,0,0
generic,Classic-McEliece-6960119,35702,0,0
generic,Classic-McEliece-6960119f,38700,0,0
generic,Classic-McEliece-8192128,34002,0,0
generic,Classic-McEliece-8192128f,36094,0,0
generic,NTRU-HPS-2048-509,59359,0,0
generic,NTRU-HPS-2048-677,51285,0,0
generic,NTRU-HPS-4096-821,55466,0,0
generic,NTRU-HPS-4096-1229,36534,0,0
generic,NTRU-HRSS-701,51192,0,0
generic,NTRU-HRSS-1373,38379,0,0
