variant,alg,op,stack_peak_bytes,stack_peak_bytes_min,heap_peak_bytes,heap_peak_bytes_min
native,ML-KEM-512,keygen,10280,10280,11208,11208
native,ML-KEM-512,encaps,12904,12904,12008,12008
native,ML-KEM-512,decaps,13640,13640,12040,12040
native,ML-KEM-768,keygen,14664,14664,12360,12360
native,ML-KEM-768,encaps,17768,17768,13480,13480
native,ML-KEM-768,decaps,18824,18824,13512,13512
native,ML-KEM-1024,keygen,19688,19688,13512,13512
native,ML-KEM-1024,encaps,23304,23304,15112,15112
native,ML-KEM-1024,decaps,24840,24840,15144,15144
native,Classic-McEliece-348864,keygen,455568,455568,271820,271820
native,Classic-McEliece-348864,encaps,7680,7680,276516,276516
native,Classic-McEliece-348864,decaps,43088,43088,272452,272452
native,Classic-McEliece-348864f,keygen,480336,480336,271820,271820
native,Classic-McEliece-348864f,encaps,7680,7680,276516,276516
native,Classic-McEliece-348864f,decaps,43088,43088,272452,272452
native,Classic-McEliece-460896,keygen,693936,693936,541976,541976
native,Classic-McEliece-460896,encaps,7680,7680,546732,546732
native,Classic-McEliece-460896,decaps,81456,81456,542420,542420
native,Classic-McEliece-460896f,keygen,694128,694128,541976,541976
native,Classic-McEliece-460896f,encaps,7680,7680,546732,546732
native,Classic-McEliece-460896f,decaps,81456,81456,542420,542420
native,Classic-McEliece-6688128,keygen,975600,975600,1063356,1063356
native,Classic-McEliece-6688128,encaps,7680,7680,1067940,1067940
native,Classic-McEliece-6688128,decaps,94448,94448,1063628,1063628
native,Classic-McEliece-6688128f,keygen,975824,975824,1063132,1063132
native,Classic-McEliece-6688128f,encaps,7680,7680,1067940,1067940
native,Classic-McEliece-6688128f,decaps,94448,94448,1063628,1063628
native,Classic-McEliece-6960119,keygen,1119824,1119824,1065475,1065475
native,Classic-McEliece-6960119,encaps,7680,7680,1070269,1070269
native,Classic-McEliece-6960119,decaps,82096,82096,1065957,1065957
native,Classic-McEliece-6960119f,keygen,1119888,1119888,1065475,1065475
native,Classic-McEliece-6960119f,encaps,7680,7680,1070269,1070269
native,Classic-McEliece-6960119f,decaps,82096,82096,1065957,1065957
native,Classic-McEliece-8192128,keygen,1295280,1295280,1376152,1376152
native,Classic-McEliece-8192128,encaps,7680,7680,1380960,1380960
native,Classic-McEliece-8192128,decaps,133712,133712,1376648,1376648
native,Classic-McEliece-8192128f,keygen,1295504,1295504,1376152,1376152
native,Classic-McEliece-8192128f,encaps,7680,7680,1380960,1380960
native,Classic-McEliece-8192128f,decaps,133712,133712,1376648,1376648
native,NTRU-HPS-2048-509,keygen,35888,35888,6314,6314
native,NTRU-HPS-2048-509,encaps,30928,30928,11141,11141
native,NTRU-HPS-2048-509,decaps,29264,29264,11173,11173
native,NTRU-HPS-2048-677,keygen,51088,51088,6372,6372
native,NTRU-HPS-2048-677,encaps,44272,44272,11902,11902
native,NTRU-HPS-2048-677,decaps,42032,42032,7838,7838
native,NTRU-HPS-4096-821,keygen,64432,64432,11596,11596
native,NTRU-HPS-4096-821,encaps,56400,56400,12858,12858
native,NTRU-HPS-4096-821,decaps,53808,53808,12890,12890
native,NTRU-HPS-4096-1229,keygen,62168,62168,8416,8416
native,NTRU-HPS-4096-1229,encaps,50264,50264,14858,14858
native,NTRU-HPS-4096-1229,decaps,46360,46360,10794,10794
native,NTRU-HRSS-701,keygen,49280,49280,11364,11364
native,NTRU-HRSS-701,encaps,42464,42464,12534,12534
native,NTRU-HRSS-701,decaps,42272,42272,8470,8470
native,NTRU-HRSS-1373,keygen,72576,72576,9592,9592
native,NTRU-HRSS-1373,encaps,59264,59264,16593,16593
native,NTRU-HRSS-1373,decaps,59040,59040,12281,12281
generic,ML-KEM-512,keygen,9328,9328,11208,11208
generic,ML-KEM-512,encaps,11984,11984,12008,12008
generic,ML-KEM-512,decaps,12688,12688,8304,8304
generic,ML-KEM-768,keygen,13712,13712,12360,12360
generic,ML-KEM-768,encaps,16848,16848,13480,13480
generic,ML-KEM-768,decaps,17872,17872,9776,9776
generic,ML-KEM-1024,keygen,18768,18768,13512,13512
generic,ML-KEM-1024,encaps,22416,22416,15112,11376
generic,ML-KEM-1024,decaps,23920,23920,11408,11408
generic,Classic-McEliece-348864,keygen,424560,424560,271820,271820
generic,Classic-McEliece-348864,encaps,7680,7680,276516,276516
generic,Classic-McEliece-348864,decaps,24320,24320,271980,271980
generic,Classic-McEliece-348864f,keygen,425424,425424,271820,271820
generic,Classic-McEliece-348864f,encaps,7680,7680,276516,276516
generic,Classic-McEliece-348864f,decaps,24320,24320,271980,271980
generic,Classic-McEliece-460896,keygen,887152,887152,541976,541976
generic,Classic-McEliece-460896,encaps,7680,7680,546732,546732
generic,Classic-McEliece-460896,decaps,38880,38880,542196,542196
generic,Classic-McEliece-460896f,keygen,888016,888016,541976,541976
generic,Classic-McEliece-460896f,encaps,7680,7680,546732,546732
generic,Classic-McEliece-460896f,decaps,38880,38880,542196,542196
generic,Classic-McEliece-6688128,keygen,1568256,1568256,1063132,1063132
generic,Classic-McEliece-6688128,encaps,7680,7680,1067940,1067940
generic,Classic-McEliece-6688128,decaps,48416,48416,1063404,1063404
generic,Classic-McEliece-6688128f,keygen,1569120,1569120,1063132,1063132
generic,Classic-McEliece-6688128f,encaps,7680,7680,1067940,1067940
generic,Classic-McEliece-6688128f,decaps,48416,48416,1063404,1063404
generic,Classic-McEliece-6960119,keygen,1524080,1524080,1065475,1065475
generic,Classic-McEliece-6960119,encaps,7680,7680,1070269,1070269
generic,Classic-McEliece-6960119,decaps,49488,49488,1065733,1065733
generic,Classic-McEliece-6960119f,keygen,1524976,1524976,1065475,1065475
generic,Classic-McEliece-6960119f,encaps,7680,7680,1070269,1070269
generic,Classic-McEliece-6960119f,decaps,49488,49488,1065733,1065733
generic,Classic-McEliece-8192128,keygen,1887280,1887280,1376152,1376152
generic,Classic-McEliece-8192128,encaps,7680,7680,1380960,1380960
generic,Classic-McEliece-8192128,decaps,54992,54992,1376424,1376424
generic,Classic-McEliece-8192128f,keygen,1888160,1888160,1376152,1376152
generic,Classic-McEliece-8192128f,encaps,7680,7680,1380960,1380960
generic,Classic-McEliece-8192128f,decaps,54992,54992,1376424,1376424
generic,NTRU-HPS-2048-509,keygen,29488,29488,5842,5842
generic,NTRU-HPS-2048-509,encaps,24512,24512,11141,11141
generic,NTRU-HPS-2048-509,decaps,22944,22944,6829,6829
generic,NTRU-HPS-2048-677,keygen,34896,34896,6372,6372
generic,NTRU-HPS-2048-677,encaps,28304,28304,11902,11902
generic,NTRU-HPS-2048-677,decaps,26160,26160,7838,7838
generic,NTRU-HPS-4096-821,keygen,41552,41552,7028,7028
generic,NTRU-HPS-4096-821,encaps,33584,33584,12858,12858
generic,NTRU-HPS-4096-821,decaps,31056,31056,8794,8794
generic,NTRU-HPS-4096-1229,keygen,61920,61920,8416,8416
generic,NTRU-HPS-4096-1229,encaps,50032,50032,14858,14858
generic,NTRU-HPS-4096-1229,decaps,46160,46160,14890,14890
generic,NTRU-HRSS-701,keygen,33504,33504,6796,6796
generic,NTRU-HRSS-701,encaps,26688,26688,12534,12534
generic,NTRU-HRSS-701,decaps,26512,26512,8222,8222
generic,NTRU-HRSS-1373,keygen,72560,72560,9592,9592
generic,NTRU-HRSS-1373,encaps,59296,59296,12249,12249
generic,NTRU-HRSS-1373,decaps,59024,59024,12281,12281
