alg,pk_bytes,sk_bytes,ct_bytes,ss_bytes
ML-KEM-512,800,1632,768,32
ML-KEM-768,1184,2400,1088,32
ML-KEM-1024,1568,3168,1568,32
Classic-McEliece-348864,261120,6492,96,32
Classic-McEliece-348864f,261120,6492,96,32
Classic-McEliece-460896,524160,13608,156,32
Classic-McEliece-460896f,524160,13608,156,32
Classic-McEliece-6688128,1044992,13932,208,32
Classic-McEliece-6688128f,1044992,13932,208,32
Classic-McEliece-6960119,1047319,13948,194,32
Classic-McEliece-6960119f,1047319,13948,194,32
Classic-McEliece-8192128,1357824,14120,208,32
Classic-McEliece-8192128f,1357824,14120,208,32
NTRU-HPS-2048-509,699,935,699,32
NTRU-HPS-2048-677,930,1234,930,32
NTRU-HPS-4096-821,1230,1590,1230,32
NTRU-HPS-4096-1229,1842,2366,1842,32
NTRU-HRSS-701,1138,1450,1138,32
NTRU-HRSS-1373,2401,2983,2401,32
