alg,op,massif_heap_delta_bytes,massif_stack_peak_bytes
ML-KEM-512,keygen,832,10648
ML-KEM-512,encaps,832,13336
ML-KEM-512,decaps,832,13976
ML-KEM-768,keygen,832,15000
ML-KEM-768,encaps,832,18168
ML-KEM-768,decaps,832,19128
ML-KEM-1024,keygen,832,20024
ML-KEM-1024,encaps,832,23704
ML-KEM-1024,decaps,832,25144
Classic-McEliece-348864,keygen,0,455968
Classic-McEliece-348864,encaps,224,7712
Classic-McEliece-348864,decaps,224,43488
Classic-McEliece-348864f,keygen,0,480704
Classic-McEliece-348864f,encaps,224,7712
Classic-McEliece-348864f,decaps,224,43488
Classic-McEliece-460896,keygen,0,694240
Classic-McEliece-460896,encaps,224,7712
Classic-McEliece-460896,decaps,224,81728
Classic-McEliece-460896f,keygen,0,694464
Classic-McEliece-460896f,encaps,224,7712
Classic-McEliece-460896f,decaps,224,81728
Classic-McEliece-6688128,keygen,0,975904
Classic-McEliece-6688128,encaps,224,7712
Classic-McEliece-6688128,decaps,224,94720
Classic-McEliece-6688128f,keygen,0,976096
Classic-McEliece-6688128f,encaps,224,7712
Classic-McEliece-6688128f,decaps,224,94720
Classic-McEliece-6960119,keygen,0,1120128
Classic-McEliece-6960119,encaps,224,7712
Classic-McEliece-6960119,decaps,224,82400
Classic-McEliece-6960119f,keygen,0,1120160
Classic-McEliece-6960119f,encaps,224,7712
Classic-McEliece-6960119f,decaps,224,82400
Classic-McEliece-8192128,keygen,0,1295584
Classic-McEliece-8192128,encaps,224,7712
Classic-McEliece-8192128,decaps,224,134016
Classic-McEliece-8192128f,keygen,0,1295776
Classic-McEliece-8192128f,encaps,224,7712
Classic-McEliece-8192128f,decaps,224,134016
NTRU-HPS-2048-509,keygen,0,36240
NTRU-HPS-2048-509,encaps,224,31280
NTRU-HPS-2048-509,decaps,224,29648
NTRU-HPS-2048-677,keygen,0,51440
NTRU-HPS-2048-677,encaps,224,44624
NTRU-HPS-2048-677,decaps,224,42416
NTRU-HPS-4096-821,keygen,0,64784
NTRU-HPS-4096-821,encaps,224,56752
NTRU-HPS-4096-821,decaps,224,54192
NTRU-HPS-4096-1229,keygen,0,62520
NTRU-HPS-4096-1229,encaps,224,50584
NTRU-HPS-4096-1229,decaps,224,46744
NTRU-HRSS-701,keygen,0,49616
NTRU-HRSS-701,encaps,224,42800
NTRU-HRSS-701,decaps,224,42640
NTRU-HRSS-1373,keygen,0,73048
NTRU-HRSS-1373,encaps,224,59736
NTRU-HRSS-1373,decaps,224,59544
