variant,impl,alg,op,first_stack_bytes,first_stack_bytes_min,steady_stack_bytes,steady_stack_bytes_min,stack_overhead_bytes,stack_overhead_bytes_min,first_heap_bytes,first_heap_bytes_min,steady_heap_bytes,steady_heap_bytes_min
native,liboqs,ML-KEM-512,keygen,10072,10072,10072,10072,40,40,832,832,832,832
native,liboqs,ML-KEM-512,encaps,12760,12760,12760,12760,40,40,832,832,832,832
native,liboqs,ML-KEM-512,decaps,13400,13400,13400,13400,40,40,832,832,832,832
native,liboqs,ML-KEM-768,keygen,14424,14424,14424,14424,40,40,832,832,832,832
native,liboqs,ML-KEM-768,encaps,17592,17592,17592,17592,40,40,832,832,832,832
native,liboqs,ML-KEM-768,decaps,18552,18552,18552,18552,40,40,832,832,832,832
native,liboqs,ML-KEM-1024,keygen,19448,19448,19448,19448,40,40,832,832,832,832
native,liboqs,ML-KEM-1024,encaps,23128,23128,23128,23128,40,40,832,832,832,832
native,liboqs,ML-KEM-1024,decaps,24568,24568,24568,24568,40,40,832,832,832,832
native,liboqs,Classic-McEliece-348864,keygen,455264,455264,455264,455264,40,40,224,224,224,224
native,liboqs,Classic-McEliece-348864,encaps,2688,2688,2688,2688,40,40,224,224,224,224
native,liboqs,Classic-McEliece-348864,decaps,42752,42752,42752,42752,40,40,224,224,224,224
native,liboqs,Classic-McEliece-348864f,keygen,480000,480000,480000,480000,40,40,224,224,224,224
native,liboqs,Classic-McEliece-348864f,encaps,2688,2688,2688,2688,40,40,224,224,224,224
native,liboqs,Classic-McEliece-348864f,decaps,42752,42752,42752,42752,40,40,224,224,224,224
native,liboqs,Classic-McEliece-460896,keygen,693560,693560,693560,693560,40,40,224,224,224,224
native,liboqs,Classic-McEliece-460896,encaps,3664,3664,3664,3664,40,40,224,224,224,224
native,liboqs,Classic-McEliece-460896,decaps,81048,81048,81048,81048,40,40,224,224,224,224
native,liboqs,Classic-McEliece-460896f,keygen,693784,693784,693784,693784,40,40,224,224,224,224
native,liboqs,Classic-McEliece-460896f,encaps,3664,3664,3664,3664,40,40,224,224,224,224
native,liboqs,Classic-McEliece-460896f,decaps,81048,81048,81048,81048,40,40,224,224,224,224
native,liboqs,Classic-McEliece-6688128,keygen,975224,975224,975224,975224,40,40,224,224,224,224
native,liboqs,Classic-McEliece-6688128,encaps,5024,5024,5024,5024,40,40,224,224,224,224
native,liboqs,Classic-McEliece-6688128,decaps,94040,94040,94040,94040,40,40,224,224,224,224
native,liboqs,Classic-McEliece-6688128f,keygen,975416,975416,975416,975416,40,40,224,224,224,224
native,liboqs,Classic-McEliece-6688128f,encaps,5024,5024,5024,5024,40,40,224,224,224,224
native,liboqs,Classic-McEliece-6688128f,decaps,94040,94040,94040,94040,40,40,224,224,224,224
native,liboqs,Classic-McEliece-6960119,keygen,1119448,1119448,1119448,1119448,40,40,224,224,224,224
native,liboqs,Classic-McEliece-6960119,encaps,5008,5008,5008,5008,40,40,224,224,224,224
native,liboqs,Classic-McEliece-6960119,decaps,81688,81688,81688,81688,40,40,224,224,224,224
native,liboqs,Classic-McEliece-6960119f,keygen,1119480,1119480,1119480,1119480,40,40,224,224,224,224
native,liboqs,Classic-McEliece-6960119f,encaps,5008,5008,5008,5008,40,40,224,224,224,224
native,liboqs,Classic-McEliece-6960119f,decaps,81688,81688,81688,81688,40,40,224,224,224,224
native,liboqs,Classic-McEliece-8192128,keygen,1294904,1294904,1294904,1294904,40,40,224,224,224,224
native,liboqs,Classic-McEliece-8192128,encaps,5312,5312,5312,5312,40,40,224,224,224,224
native,liboqs,Classic-McEliece-8192128,decaps,133304,133304,133304,133304,40,40,224,224,224,224
native,liboqs,Classic-McEliece-8192128f,keygen,1295096,1295096,1295096,1295096,40,40,224,224,224,224
native,liboqs,Classic-McEliece-8192128f,encaps,5312,5312,5312,5312,40,40,224,224,224,224
native,liboqs,Classic-McEliece-8192128f,decaps,133304,133304,133304,133304,40,40,224,224,224,224
native,liboqs,NTRU-HPS-2048-509,keygen,35544,35544,35544,35544,40,40,0,0,0,0
native,liboqs,NTRU-HPS-2048-509,encaps,30584,30584,30584,30584,40,40,224,224,224,224
native,liboqs,NTRU-HPS-2048-509,decaps,28952,28952,28952,28952,40,40,224,224,224,224
native,liboqs,NTRU-HPS-2048-677,keygen,50744,50744,50744,50744,40,40,0,0,0,0
native,liboqs,NTRU-HPS-2048-677,encaps,43928,43928,43928,43928,40,40,224,224,224,224
native,liboqs,NTRU-HPS-2048-677,decaps,41720,41720,41720,41720,40,40,224,224,224,224
native,liboqs,NTRU-HPS-4096-821,keygen,64088,64088,64088,64088,40,40,0,0,0,0
native,liboqs,NTRU-HPS-4096-821,encaps,56056,56056,56056,56056,40,40,224,224,224,224
native,liboqs,NTRU-HPS-4096-821,decaps,53496,53496,53496,53496,40,40,224,224,224,224
native,liboqs,NTRU-HPS-4096-1229,keygen,61824,61824,61824,61824,40,40,0,0,0,0
native,liboqs,NTRU-HPS-4096-1229,encaps,49888,49888,49888,49888,40,40,224,224,224,224
native,liboqs,NTRU-HPS-4096-1229,decaps,46048,46048,46048,46048,40,40,224,224,224,224
native,liboqs,NTRU-HRSS-701,keygen,48920,48920,48920,48920,40,40,0,0,0,0
native,liboqs,NTRU-HRSS-701,encaps,42104,42104,42104,42104,40,40,224,224,224,224
native,liboqs,NTRU-HRSS-701,decaps,41944,41944,41944,41944,40,40,224,224,224,224
native,liboqs,NTRU-HRSS-1373,keygen,72352,72352,72352,72352,40,40,0,0,0,0
native,liboqs,NTRU-HRSS-1373,encaps,59040,59040,59040,59040,40,40,224,224,224,224
native,liboqs,NTRU-HRSS-1373,decaps,58848,58848,58848,58848,40,40,224,224,224,224
generic,liboqs,ML-KEM-512,keygen,9128,9128,9128,9128,40,40,832,832,832,832
generic,liboqs,ML-KEM-512,encaps,11784,11784,11784,11784,40,40,832,832,832,832
generic,liboqs,ML-KEM-512,decaps,12456,12456,12456,12456,40,40,832,832,832,832
generic,liboqs,ML-KEM-768,keygen,13480,13480,13480,13480,40,40,832,832,832,832
generic,liboqs,ML-KEM-768,encaps,16648,16648,16648,16648,40,40,832,832,832,832
generic,liboqs,ML-KEM-768,decaps,17640,17640,17640,17640,40,40,832,832,832,832
generic,liboqs,ML-KEM-1024,keygen,18536,18536,18536,18536,40,40,832,832,832,832
generic,liboqs,ML-KEM-1024,encaps,22216,22216,22216,22216,40,40,832,832,832,832
generic,liboqs,ML-KEM-1024,decaps,23688,23688,23688,23688,40,40,832,832,832,832
generic,liboqs,Classic-McEliece-348864,keygen,423988,423988,423988,423988,40,40,224,224,224,224
generic,liboqs,Classic-McEliece-348864,encaps,1776,1776,1776,1776,40,40,224,224,224,224
generic,liboqs,Classic-McEliece-348864,decaps,24000,24000,24000,24000,40,40,224,224,224,224
generic,liboqs,Classic-McEliece-348864f,keygen,424868,424868,424868,424868,40,40,224,224,224,224
generic,liboqs,Classic-McEliece-348864f,encaps,1776,1776,1776,1776,40,40,224,224,224,224
generic,liboqs,Classic-McEliece-348864f,decaps,24000,24000,24000,24000,40,40,224,224,224,224
generic,liboqs,Classic-McEliece-460896,keygen,886560,886560,886560,886560,40,40,224,224,224,224
generic,liboqs,Classic-McEliece-460896,encaps,2496,2496,2496,2496,40,40,224,224,224,224
generic,liboqs,Classic-McEliece-460896,decaps,38544,38544,38544,38544,40,40,224,224,224,224
generic,liboqs,Classic-McEliece-460896f,keygen,887456,887456,887456,887456,40,40,224,224,224,224
generic,liboqs,Classic-McEliece-460896f,encaps,2496,2496,2496,2496,40,40,224,224,224,224
generic,liboqs,Classic-McEliece-460896f,decaps,38544,38544,38544,38544,40,40,224,224,224,224
generic,liboqs,Classic-McEliece-6688128,keygen,1567664,1567664,1567664,1567664,40,40,224,224,224,224
generic,liboqs,Classic-McEliece-6688128,encaps,3456,3456,3456,3456,40,40,224,224,224,224
generic,liboqs,Classic-McEliece-6688128,decaps,48080,48080,48080,48080,40,40,224,224,224,224
generic,liboqs,Classic-McEliece-6688128f,keygen,1568528,1568528,1568528,1568528,40,40,224,224,224,224
generic,liboqs,Classic-McEliece-6688128f,encaps,3456,3456,3456,3456,40,40,224,224,224,224
generic,liboqs,Classic-McEliece-6688128f,decaps,48080,48080,48080,48080,40,40,224,224,224,224
generic,liboqs,Classic-McEliece-6960119,keygen,1523520,1523520,1523520,1523520,40,40,224,224,224,224
generic,liboqs,Classic-McEliece-6960119,encaps,3424,3424,3424,3424,40,40,224,224,224,224
generic,liboqs,Classic-McEliece-6960119,decaps,49152,49152,49152,49152,40,40,224,224,224,224
generic,liboqs,Classic-McEliece-6960119f,keygen,1524416,1524416,1524416,1524416,40,40,224,224,224,224
generic,liboqs,Classic-McEliece-6960119f,encaps,3424,3424,3424,3424,40,40,224,224,224,224
generic,liboqs,Classic-McEliece-6960119f,decaps,49152,49152,49152,49152,40,40,224,224,224,224
generic,liboqs,Classic-McEliece-8192128,keygen,1886688,1886688,1886688,1886688,40,40,224,224,224,224
generic,liboqs,Classic-McEliece-8192128,encaps,3568,3568,3568,3568,40,40,224,224,224,224
generic,liboqs,Classic-McEliece-8192128,decaps,54656,54656,54656,54656,40,40,224,224,224,224
generic,liboqs,Classic-McEliece-8192128f,keygen,1887568,1887568,1887568,1887568,40,40,224,224,224,224
generic,liboqs,Classic-McEliece-8192128f,encaps,3568,3568,3568,3568,40,40,224,224,224,224
generic,liboqs,Classic-McEliece-8192128f,decaps,54656,54656,54656,54656,40,40,224,224,224,224
generic,liboqs,NTRU-HPS-2048-509,keygen,29128,29128,29128,29128,40,40,0,0,0,0
generic,liboqs,NTRU-HPS-2048-509,encaps,24152,24152,24152,24152,40,40,224,224,224,224
generic,liboqs,NTRU-HPS-2048-509,decaps,22520,22520,22520,22520,40,40,224,224,224,224
generic,liboqs,NTRU-HPS-2048-677,keygen,34504,34504,34504,34504,40,40,0,0,0,0
generic,liboqs,NTRU-HPS-2048-677,encaps,27912,27912,27912,27912,40,40,224,224,224,224
generic,liboqs,NTRU-HPS-2048-677,decaps,25704,25704,25704,25704,40,40,224,224,224,224
generic,liboqs,NTRU-HPS-4096-821,keygen,41160,41160,41160,41160,40,40,0,0,0,0
generic,liboqs,NTRU-HPS-4096-821,encaps,33192,33192,33192,33192,40,40,224,224,224,224
generic,liboqs,NTRU-HPS-4096-821,decaps,30616,30616,30616,30616,40,40,224,224,224,224
generic,liboqs,NTRU-HPS-4096-1229,keygen,61560,61560,61560,61560,40,40,0,0,0,0
generic,liboqs,NTRU-HPS-4096-1229,encaps,49672,49672,49672,49672,40,40,224,224,224,224
generic,liboqs,NTRU-HPS-4096-1229,decaps,45752,45752,45752,45752,40,40,224,224,224,224
generic,liboqs,NTRU-HRSS-701,keygen,33112,33112,33112,33112,40,40,0,0,0,0
generic,liboqs,NTRU-HRSS-701,encaps,26296,26296,26296,26296,40,40,224,224,224,224
generic,liboqs,NTRU-HRSS-701,decaps,26120,26120,26120,26120,40,40,224,224,224,224
generic,liboqs,NTRU-HRSS-1373,keygen,72168,72168,72168,72168,40,40,0,0,0,0
generic,liboqs,NTRU-HRSS-1373,encaps,58904,58904,58904,58904,40,40,224,224,224,224
generic,liboqs,NTRU-HRSS-1373,decaps,58632,58632,58632,58632,40,40,224,224,224,224
default,openssl,X25519,keygen,3056,3056,1632,1632,40,40,147625,147625,441,441
default,openssl,X25519,encaps,3056,3056,2544,2544,40,40,198862,198862,1159,1159
default,openssl,X25519,decaps,3368,3368,2560,2560,40,40,51171,51171,1127,1127
default,openssl,P-256,keygen,3248,3248,1696,1696,40,40,150224,150224,1972,1972
default,openssl,P-256,encaps,3336,3336,3200,3200,40,40,201988,201988,4285,4285
default,openssl,P-256,decaps,3832,3832,3024,3024,40,40,52586,52586,4229,4229
default,openssl,RSA-2048,keygen,4000,4000,4000,4000,40,40,166856,166856,19728,19728
default,openssl,RSA-2048,encaps,3072,3072,1520,1520,40,40,150808,150808,2392,2392
default,openssl,RSA-2048,decaps,4192,4192,2272,1632,40,40,159408,159408,6168,6168
default,openssl,RSA-3072,keygen,3120,3120,2720,2720,40,40,175800,175800,28672,28672
default,openssl,RSA-3072,encaps,3072,3072,2656,2656,40,40,152216,152216,3288,3288
default,openssl,RSA-3072,decaps,3504,3504,1888,1888,40,40,164656,164656,8920,8920
default,openssl,ffdhe2048,keygen,3280,3280,1728,1728,40,40,156032,156032,8904,8904
default,openssl,ffdhe2048,encaps,3376,3376,1952,1952,40,40,159262,159262,8904,8904
default,openssl,ffdhe2048,decaps,1672,1672,1248,1248,40,40,13814,13814,7632,7632
default,openssl,ffdhe3072,keygen,3280,3280,2656,2656,40,40,166280,166280,19152,19152
default,openssl,ffdhe3072,encaps,3376,3376,1952,1952,40,40,169126,169126,19152,19152
default,openssl,ffdhe3072,decaps,2144,2144,1696,1696,40,40,24438,24438,17232,17232
default,openssl,ML-KEM-512,keygen,3856,3856,2304,2304,40,40,180063,180063,5056,5056
default,openssl,ML-KEM-512,encaps,6912,6912,6912,6912,40,40,147075,147075,504,504
default,openssl,ML-KEM-512,decaps,9840,9840,9840,9840,40,40,504,504,504,504
default,openssl,ML-KEM-768,keygen,3856,3856,2304,2304,40,40,183647,183647,8640,8640
default,openssl,ML-KEM-768,encaps,6848,6848,6848,6848,40,40,147075,147075,504,504
default,openssl,ML-KEM-768,decaps,9776,9776,9776,9776,40,40,504,504,504,504
default,openssl,ML-KEM-1024,keygen,3856,3856,2304,2304,40,40,188255,188255,13248,13248
default,openssl,ML-KEM-1024,encaps,6848,6848,6848,6848,40,40,147075,147075,504,504
default,openssl,ML-KEM-1024,decaps,9776,9776,9776,9776,40,40,504,504,504,504
