impl,alg,public_key_bytes,ciphertext_bytes,shared_secret_bytes,secret_key_bytes
liboqs,ML-KEM-512,800,768,32,1632
liboqs,ML-KEM-768,1184,1088,32,2400
liboqs,ML-KEM-1024,1568,1568,32,3168
liboqs,Classic-McEliece-348864,261120,96,32,6492
liboqs,Classic-McEliece-348864f,261120,96,32,6492
liboqs,Classic-McEliece-460896,524160,156,32,13608
liboqs,Classic-McEliece-460896f,524160,156,32,13608
liboqs,Classic-McEliece-6688128,1044992,208,32,13932
liboqs,Classic-McEliece-6688128f,1044992,208,32,13932
liboqs,Classic-McEliece-6960119,1047319,194,32,13948
liboqs,Classic-McEliece-6960119f,1047319,194,32,13948
liboqs,Classic-McEliece-8192128,1357824,208,32,14120
liboqs,Classic-McEliece-8192128f,1357824,208,32,14120
liboqs,NTRU-HPS-2048-509,699,699,32,935
liboqs,NTRU-HPS-2048-677,930,930,32,1234
liboqs,NTRU-HPS-4096-821,1230,1230,32,1590
liboqs,NTRU-HPS-4096-1229,1842,1842,32,2366
liboqs,NTRU-HRSS-701,1138,1138,32,1450
liboqs,NTRU-HRSS-1373,2401,2401,32,2983
openssl,X25519,32,32,32,
openssl,P-256,65,65,32,
openssl,RSA-2048,256,256,256,
openssl,RSA-3072,384,384,384,
openssl,ffdhe2048,256,256,256,
openssl,ffdhe3072,384,384,384,
openssl,ML-KEM-512,800,768,32,
openssl,ML-KEM-768,1184,1088,32,
openssl,ML-KEM-1024,1568,1568,32,
